8192791e-c651-4951-80c3-949e64f8812b;Hands;Mayer;2323.232.32.3;ebenfnef@gmeojöae.ei;
eb60a9ef-8831-47ff-8079-42d98df9f2e4;Hands;Mayer;2323.232.32.3;ebenfnef@gmeojöae.ei;
f6aee86c-9040-4a83-8fa2-a820cb28e2a8;Max;Mustermann;01.01.1999;max.mustermann@gmx.de;
30b1d769-f363-405d-bc61-1d739ada1674;Max;Mustermann;01.01.1999;max.mustermann@gmx.de;
15e0d274-f262-4e05-b423-7f16d628122f;Maxa;Mustermanna;02.01.1999;maxa.mustermanna@gmx.de;
1f9d156a-419e-43af-a6cb-8c639670f67a;Max;Mustermann;01.01.1999;max.mustermann@gmx.de;
c51e8a72-cd2a-4ec0-8964-78eaef701323;Max;Mustermann;01.01.1999;max.mustermann@gmx.de;
4c622632-adee-4a80-89f8-01167fcfcade;Max;Mustermann;01.01.1999;max.mustermann@gmx.de;
89dd4d36-37e0-4c65-b7b0-1cbbb2c9ee83;Max;Mustermann;01.01.1999;max.mustermann@gmx.de;
d1b9714f-f7b6-4cfa-805d-0b7a1a8397e5;Max;Mustermann;01.01.1999;max.mustermann@gmx.de;
1e5dc897-c681-4977-a6ca-766ee2cc0025;Max;Mustermann;01.01.1999;max.mustermann@gmx.de;
bcf17535-77ea-46b2-b396-a21a669c6d66;John;Doe;1990-01-01;john.doe@example.com;
bcf17535-77ea-46b2-b396-a21a669c6d66;John;Doe;1990-01-01;john.doe@example.com;
c69b9b62-b3dc-475d-89b5-ec6b468a971d;Max;Mustermann;01.01.1999;max.mustermann@gmx.de;
9ca2ff16-2cdd-4260-8afa-b4f7d2a68522;John;Doe;1990-01-01;john.doe@example.com;
9ca2ff16-2cdd-4260-8afa-b4f7d2a68522;John;Doe;1990-01-01;john.doe@example.com;
35728aff-4d3f-4f3d-bc77-65c83fe2932a;Jane;Doe;1990-01-01;jane.doe@example.com;
5e4c65a6-843c-4ec6-8e75-e72ffab827b4;John;Doe;1990-01-01;john.doe@example.com;
9eec18dd-58b3-49d5-a2f7-cb3ea6e8511f;Max;Mustermann;01.01.1999;max.mustermann@gmx.de;
